rank,grade,username,uploads,subs,views,channel_id,category
1st,A-,Tata Motors,1608,191243,276658032,UCGk_EOyEtbl-XdbVHRPwnfQ,Autos
2nd,A-,Top Videos,6363,--,334521504,UCcm4AxX7WDNrdPC0O4ckfiQ,Autos
3rd,A-,Scotty Kilmer,1335,2371246,626093162,UCuxpxCCevIlF-k-K5YU8XPA,Autos
4th,A-,Audi USA,201,408252,105371031,UCuBV7qZtBMbnuB_0bXDoLaQ,Autos
5th,B+,Ford India,291,242227,350913776,UCV_CbM_Jy1tAsIpP8TC3FtQ,Autos
6th,B+,Webmotors,743,486822,145804123,UCz2Bb7YdduN4x7qN9oFrJjQ,Autos
7th,B+,carwow,1004,2265417,583932381,UCUhFaUpnq31m6TNX2VKVSVA,Autos
8th,B+,Dekja,1271,3447845,1699768798,UCZrnmK_rH5hKsNjb2mABBhw,Autos
9th,B+,Ford Brasil,67,253276,210827414,UCV1aAz5q_yh3jMOnLa-lk7Q,Autos
10th,B+,Grab Official,812,107132,675872593,UC0QKbvP4XKGCw5s4iSXGywQ,Autos
11th,B+,NissanThailand,456,80496,226987570,UCvTQLOSmhnnhZidPS3gOMZA,Autos
12th,B+,Volkswagen do Brasil,506,196944,238042114,UCBXtBstNh5iIgm07keup0Gw,Autos
13th,B+,Doug DeMuro,400,2892971,741959610,UCsqjHFMB_JYTaEnf_vmTNqg,Autos
14th,B+,Top Gear,1194,6551113,2239157647,UCjOl2AUblVmg2rA_cRgZkFg,Autos
15th,B+,EBSDocumentary (EBS 다큐),22909,1048250,984291455,UCFCtZJTuJhE18k8IXwmXTYQ,Autos
16th,B+,Carvana,18,13089,131438136,UCCXzwmWklkj1l6xBp0GxRLQ,Autos
17th,B+,DailyDrivenExotics,773,1662270,277637295,UCj_ARBxhCoF5JxUItcEUs7Q,Autos
18th,B+,Kia Motors México,413,69138,251852405,UC-YNbUCP3YOIOdiG1d2BJDw,Autos
19th,B+,Warung Sobat,34,233402,29370847,UC8wzLwmuZHBy9G2yVdEaNDQ,Autos
20th,B+,India Yamaha Motor,128,40695,138187288,UC0WN3qNaNGy5_JhvLyEtXrg,Autos
21st,B+,Honda Motos Brasil,241,248607,116003106,UCNLsELTMgMu9npG2jnugoZw,Autos
22nd,B+,Yamaha Motor Vietnam,301,48904,73479192,UCoyDeGt_PI8yPGvmjaisiig,Autos
23rd,B+,AcademeG,504,,718669117,UC0lT9K8Wfuc1KPqm6YjRf1A,Autos
24th,B+,รถดั้มซิ่ง…,2780,367080,130733725,UC7BesbWKH6zsPZ_NxRnSPig,Autos
25th,B+,XE HAY,1400,1211915,360904824,UCL19dahMH6qwXxGXFWAjdVA,Autos
26th,B+,DirtBike Lunatic,514,1509614,411185140,UCUsjtDtVf6qyxigW-30ww4w,Autos
27th,B+,CRAZY TECHNICAL TIPS KANNADA,227,180478,41156386,UCJSxlwuDIB17h9JdDfTkcKQ,Autos
28th,B+,MrZygy3,2510,882385,440879818,UCw_2Hr1DJTS1Y1h9C1LbZWA,Autos
29th,B+,AutoTopNL,3289,1380762,512509838,UC9DXAsBD4-ITVuvpd68401Q,Autos
30th,B+,Дима Гордей,581,3749664,495442280,UC-Osiqly2kWjXcB6ElD2iCQ,Autos
2nd,A,KHANDESHI MOVIES,79,10244740,2727664402,UCP84QWij0alw4MvzqzyfOnw,Comedy
3rd,A,Jkk Entertainment,87,8843580,2186147210,UC5tuYcCdiKuF5Y2ZonuarwA,Comedy
4th,A,The Tonight Show Starring Jimmy…,5277,21269520,11465033522,UC8-Th83bH_thdKZDJCrn88g,Comedy
5th,A,FV FAMILY,469,3331013,1699360814,UC4-eGDvOe41__-RiE0E9L6A,Comedy
6th,A,東海オンエア,1314,4523530,4025460789,UCutJqz56653xV2wwSvut_hQ,Comedy
7th,A,Arif muhammad,96,5530109,699182433,UCfx3oPv3cJm2aCJ7UnhKx8A,Comedy
8th,A,JRE Clips,3089,2485918,1261519737,UCnxGkOGNMqQEUMvroOWps6Q,Comedy
9th,A,Luisito Comunica,641,24218172,2916438733,UCECJDeK0MNapZbpaOzxrUPA,Comedy
10th,A,Rajasthani Chamak Music,112,1519968,359609427,UCf0lIaxqbW4zl3Ye7Fdh7eg,Comedy
11th,A,Ini Talk Show,4696,5132644,2176673788,UCo1CFjot3CX97sn_ngJnGPg,Comedy
12th,A,ETV Plus India,18239,2873496,2135191261,UCi1m4TnmmXGUIY4roVtvjDA,Comedy
13th,A,Çok Güzel Hareketler Bunlar,429,924230,577193359,UCJhEfZoLs5P_idxX--yhWOA,Comedy
14th,A,DANIEL EL TRAVIESO VIDEOS,229,5842009,1850492409,UCgSk89VX4QiKZsjS25FCBsQ,Comedy
15th,A,enchufetv,1153,20715801,7174560104,UCoGDh1Xa3kUCpok24JN5DKA,Comedy
16th,A,Team Coco,7678,6989949,5664479156,UCi7GJNg51C3jgmYTUwqoUXA,Comedy
17th,A,Smosh,1053,24480112,8535573452,UCY30JRSgfhYXA6i6xX1erWg,Comedy
18th,A,Mr Bean,1540,13739527,4689365216,UCkAGrHCLFmlK3H2kd6isipg,Comedy
19th,A,RunninCPerfHorses,1425,101219,67380044,UCfm1OrasHFYvKtg6JIlh7GA,Comedy
20th,A,Vulgar Educations,18,151670,235491,UCJINXoq-y--8CogkRpxKzUw,Comedy
21st,A,Talking Tom,239,10170342,4440913979,UCm3hAp1m1xlAz0ve_EKAo4g,Comedy
22nd,A,Beşiktaş Kültür Merkezi (BKM),5663,2216454,2488272400,UCoe0QD045tgbTE6bsbRGU5w,Comedy
23rd,A,ولاية بطيخ | Melon City…,1021,6927805,2232006229,UCDwbDyYQGQuLcyr0_gv1IeQ,Comedy
24th,A,KZ TUBE,129,120972,43898985,UCWasMzci-KdraJ34o27CvVg,Comedy
31st,A,TheBrianMaps,378,10663974,2355639655,UCyJrhZm9KXrzRub3-wD2zWg,Comedy
32nd,A,SQUEEZIE,1309,13111643,6249349312,UCWeg2Pkate69NFdBeuRFTAw,Comedy
33rd,A,ZeeQ India,189,3672787,778750980,UCWKeZvw4iSZVM2qXKZde58A,Comedy
34th,A,FilterCopy,334,5487354,1072099327,UC7IMq6lLHbptAnSucW1pClA,Comedy
35th,A,Indian Crime Show,138,1160654,370185634,UCHlmq85loxqZlcDqrQckQqQ,Comedy
36th,A,SoSorry,738,3386206,1072533439,UCuB112ZHY1iygcDEHRg6P5Q,Comedy
1st,A++,Cocomelon - Nursery Rhymes,430,50358194,30623631503,UCbCmjCuTUZos6Inko4u57UQ,Education
2nd,A+,Toys and Colors,266,13034687,7849314331,UCgFXm4TI8htWmCyJ6cVPG_A,Education
4th,A,Super Simple Songs - Kids Songs,462,15059292,13857605007,UCLsooMJoIpl_7ux2jvdPB-Q,Education
5th,A,Infobells - Hindi,245,14500179,7111613324,UC1ciY6kR3yj3kaKZ6R7ewAg,Education
6th,A,Pinkfong! Kids' Songs & Stories,1292,19598537,8769320545,UCcdwLMPsaU2ezNSJU1nFoBQ,Education
7th,A,PomPom,167,6367075,1692663777,UC8s9OjGX4pCnsGQt48lejfw,Education
8th,A,CVS 3D Rhymes,321,20390290,12147797816,UCsPF3cApzCohxPp5oKdoWSQ,Education
9th,A,خادمة الاسلام,172,1188024,4044660,UCg7MVq6B7ErkofhZxKK83Fw,Education
10th,A,ChuChu TV Nursery Rhymes & Kids…,306,23823132,17518618318,UCBnZ16ahKA2DZ_T5W0FPUXg,Education
11th,A,BabyBus - Kids Songs & Nursery…,1234,4647314,3278356906,UCpYye8D5fFMUPf9nSfgd4bA,Education
12th,A,Billion Surprise Toys - BST Nursery…,275,23899416,8290078349,UCRx3mKNUdl8QE06nEug7p6Q,Education
13th,A,El Reino a Jugar,338,7879118,3717162355,UCsm77kEHBDEPgD4Ir3jSRYg,Education
14th,A,Little Baby Bum - Nursery Rhymes &…,910,18663910,19141257389,UCKAqou7V9FAWXpZd9xtOg3Q,Education
15th,A,Rainbow Art,207,6008766,1687645678,UC5MAn_fVyFZZd3FuicGEgBg,Education
16th,A,Rainbow TV,103,3306318,872835842,UC9GUxJlPNLRRPM1PZMTW0Rw,Education
17th,A,핑크퐁 (인기 동요・동화),1404,5199128,2915310241,UCqXwKu6dKobXEQFhdKtiJLQ,Education
18th,A,Blippi Español,51,5260319,2137246624,UC4YImPQT-_0kCh5joATwyhw,Education
19th,A,infobells - Telugu,236,7634735,3642286260,UCHvoq_rGmOKJKGId1nD1V4Q,Education
20th,A,YtCrash,1055,6981006,1614865080,UCkb0yUW1GGo6sHaJ2Z9IIrA,Education
21st,A,Миллион Сюрпризов,259,3427472,942560390,UCgfjL1enXKflahn2-b_fAFQ,Education
22nd,A,Blippi,158,4261466,3349974226,UC5PYHgAzJ1wLEidB58SK6Xw,Education
23rd,A,#Mind Warehouse,386,6270461,1807469149,UCYenDLnIHsoqQ6smwKXQ7Hg,Education
24th,A,ModernWhiz.com,342,2457692,809835031,UCeh7RrLIVfj_BA0aFhtbv9g,Education
25th,A,DuDuPopTOY,990,6896876,3589972145,UCByBXiL8TC7atFvIuNC95Hg,Education
26th,A,Tuan TVc,3,387703,4015,UCnJ2_4-FxkX0HnDnrBLrUrQ,Education
27th,A,infobells - Tamil,246,4110712,2253793044,UCHcn4Ux-sO9nzNu7rDsoQLg,Education
28th,A,infobells,315,5373219,1764391922,UCU_AsfgtKjwR4qaSwgsWn-w,Education
29th,A,Scooby Kids - Moral Stories in…,63,936154,292643516,UCdnOG_jDq5TR5sWuQkoZHMg,Education
30th,A,베이비버스 -인기…,918,1464970,999862344,UCscjd-azZ1AqHxxrO6YDIQg,Education
1st,A++,Câmeras Escondidas Programa Silvio…,974,4560317,2006696689,UC3d7Ix6GrtxESULE5Auj_Zg,Entertainment
2nd,A++,Zee TV,88489,30163546,30470360443,UCppHT7SZKKvar4Oc9J4oljQ,Entertainment
3rd,A++,SET India,31272,49440222,34586191449,UCpEhnqL0y41EpW2TvWAHD7Q,Entertainment
4th,A++,ABS-CBN Entertainment,121942,19150270,25560171184,UCstEtN0pgOmCf02EdXsGChw,Entertainment
5th,A++,SAB TV,23656,20340521,17525900437,UC6-F5tO8uklgE9Zy8IvbdFw,Entertainment
6th,A++,UTURN Entertainment - يوتيرن,124,3168100,391795462,UCSt0Asi7Eozz78qna1d--0A,Entertainment
7th,A++,✿ Kids Diana Show,578,28670195,9538614834,UCk8GzjMOrta8yxDcKfylJYw,Entertainment
8th,A+,Lama Faché,727,5298444,1024370441,UCH0XvUpYcxn4V0iZGnZXMnQ,Entertainment
9th,A+,Ch3Thailand,61236,17795724,12943176138,UC48h7Dst_hX82HxOf3xJw_w,Entertainment
10th,A+,Ryan ToysReview,1411,19656663,29845546089,UChGJGhZ9SOOHvBB0Y4DOO_w,Entertainment
11th,A+,WorkpointOfficial,33507,23779526,19363771496,UC3ZkCd7XtUREnjjt3cyY_gg,Entertainment
12th,A+,Badabun,4251,40162052,12446525869,UCYWOjHweP2V-8kGKmmAmQJQ,Entertainment
13th,A+,Máquina del Tiempo,298,--,974087273,UCshaxaoCtM66yeAMGPh4gzw,Entertainment
14th,A+,Lonely Λngel,671,151481,242895420,UCi2afLUN2HQFg5s-ofyB1Xw,Entertainment
15th,A+,Eurovision Song Contest,5345,2971144,3933507817,UCRpjHHu8ivVWs73uxHlWwFA,Entertainment
16th,A+,GMA Network,74752,10489701,11082934559,UCKL5hAuzgFQsyrsQKgU0Qng,Entertainment
17th,A+,Colors TV,30542,18284476,12617375948,UC55IWqFLDH1Xp7iu1_xknRA,Entertainment
18th,A+,zingTV,2090,1787819,231347365,UC1BpLo2iuRGken9ow0YjHlQ,Entertainment
19th,A+,Family GamesTV,368,--,4520408674,UCUhkLR2YOMtWF44kSb-TxyA,Entertainment
20th,A,TheEllenShow,10455,32859412,16160383729,UCp0hYYBW6IMayGgR-WeoCvQ,Entertainment
21st,A,Toys And Little Gaby,254,12351764,4516305498,UCHwBjRoGO1V-H8QYXjSVHkQ,Entertainment
22nd,A,CKN Toys,537,12752913,11233050801,UCfaZw8XH_zmAVkBst_MPD6w,Entertainment
23rd,A,Shemaroo,6715,16788628,7568336748,UCF1JIbMUs6uqoZEY1Haw0GQ,Entertainment
24th,A,Maya and Mary [EN],81,1387698,1214899301,UC50vBAtklUoJF1Wx5q0pmuw,Entertainment
25th,A,ARY Digital,19133,8390671,4170652690,UC4JCksJF76g_MdzPVBJoC3Q,Entertainment
26th,A,Biel Tá Online,176,3368397,152333571,UC1LG7YDL7OLD6VvdPAmyjiA,Entertainment
27th,A,Twins,151,557520,224907091,UCb56VdGFRXimsEvzjIKMJKQ,Entertainment
28th,A,TRANS7 OFFICIAL,43238,7352024,2728546098,UC24_Z2L-8Ki183AI9zJJzNQ,Entertainment
29th,A,PewDiePie,3860,96507273,21745528158,UC-lHJZR3Gqxm24_Vd_AJ5Yw,Entertainment
30th,A,Rajshri,5621,13964578,7233827412,UCEKWXRsfUHkan-D_ljU8Asw,Entertainment
1st,A+,Movieclips,32932,27055373,24084674238,UC3gNmTGu-TTbFPpfSs5kNkg,Film
2nd,A+,Ghiền Phim Hàn,70,--,668030215,UCzCWSfs-gfx8nT2yRulQ1QA,Film
3rd,A,shfa,393,7254306,2210940026,UCwHE1kM1CPJd_pI9FQ0-4dg,Film
4th,A,Happy Lives,261,--,2651091894,UCWlK0s4T4gyLavYiQTpSzKQ,Film
5th,A,Nick Jr.,2725,6902581,5709459364,UCUe6ZpY6TJ0no8jI4l2iLxw,Film
6th,A,Goldmines Telefilms,403,24304664,3401078428,UCyoXW-Dse7fURq30EWl_CUA,Film
7th,A,Маша и Медведь,622,22292580,19781723738,UCRv76wLBC73jiP7LX4C3l8Q,Film
8th,A,FortyMovie,531,305150,154596981,UC6bjgKT968AAjLjUNI0YV7g,Film
9th,A,Pencilmation,485,10400170,4962606378,UCUAL--p3qAa27luR0IYbjZA,Film
10th,A,Galinha Pintadinha,48,17231535,11949547485,UCBAb_DK4GYZqZR9MFA7y2Xg,Film
11th,A,Dj Massage,119,848357,311230202,UC9SyudGoSAFl4OPGbZtVzIQ,Film
12th,A,Goldmines,317,12167455,2278058687,UCCrw5RBWF9i8VPt4IxL8IsQ,Film
13th,A,Power Kids TV,777,2121426,874326807,UCj-SWZSE0AmotGSQ3apROHw,Film
14th,A,Erlania e Valentina,654,14262757,3862159216,UC0ebPa2q1rwZVN7dYemunUQ,Film
15th,A,Little Angel: Nursery Rhymes & Kids…,858,4530017,2644402546,UCNzsYU0aWwjERj-9Y9HUEng,Film
16th,A,PhimTV,761,--,277505356,UCH47ZILH_ksP_fALgRaEP9g,Film
17th,A,Genevieve's Playhouse - Toy…,466,10655570,4778777714,UCK5Q72Uyo73uRPk8PmM2A3w,Film
18th,A,Flashback FM,1153,1434044,1173270059,UC-GAhNmY6bkuuRPUSaRI_oQ,Film
19th,A,Hasbro,8411,3529335,2524922830,UC-r13SLLdZtZNmuC2bMnlmw,Film
20th,A,СТС,8274,3651866,2450864063,UCdmauIL-k-djcct-yMrf82A,Film
21st,A,Peppa Pig - Official Channel,467,8523876,3387951706,UCAOtE1V7Ots4DjM8JLlrYgg,Film
22nd,A,FAP TV,407,9199810,3537471803,UC0jDoh3tVXCaqJ6oTve8ebA,Film
23rd,A,Les' Copaque Production,1062,5408835,2636140436,UCR1c65UsjpaVgcLKa7eM1tg,Film
24th,A,Green Gold,672,7504961,3381046370,UCiBigY9XM-HaOxUc269ympg,Film
25th,A,SuperheroCars,84,431377,137302617,UCnTxam7uLedpMbfGold2xsg,Film
26th,A,Official Pink Panther,476,7046921,3546813078,UCFeUyPY6W8qX8w2o6oSiRmw,Film
27th,A,Totoykids,765,14435845,6845771515,UCy7whoHQXzhYxp9AQmrPFVw,Film
28th,A,Turma da Mônica,768,11188557,8136726289,UCV4XcEqBswMCryorV_gNENw,Film
29th,A,GameofThrones,868,4745442,1078443747,UCQzdMyuz0Lf4zo4uGcEujFw,Film
30th,A,Funny Family Games TV,688,2657189,3034808213,UC18k1PkmSegPj7DgDpHCk-Q,Film
1st,A++,T-Series,13480,101582716,72994047908,UCq-Fj5jknLsUf-MWSy4_brA,Music
2nd,A+,La Virgen de Guadalupe Con Nosotros,1370,1087750,506872270,UCSF7y093h7z-YpKIWb7KEHQ,Music
3rd,A+,Zee Music Company,4284,38618013,17924007747,UCFFbwnve3yF62-tVXkTyHqg,Music
4th,A+,Wave Music,17846,25314485,16594587163,"UC22nIfOTM7KLIQuFGMKzQbg
",Music
5th,A+,netd müzik,10206,14092903,29669127749,UCR5wZcXtOUka8jTA57flzMg,Music
6th,A+,El Reino Infantil,779,22595460,21207556531,UCK1i2UviaXLUNrZlAFpw_jA,Music
7th,A+,Shemaroo Filmi Gaane,6124,24475693,11090469896,UCP6uH_XlsxrXwZQ4DlqbqPg,Music
8th,A+,Fast Workers,26,154661,194246562,UCGxRFrcgAY-ElDLzc5Cerbg,Music
9th,A+,Canal KondZilla,1056,49782485,24913825205,UCffDXn7ycAzwL2LDlbyWOTw,Music
10th,A+,Ed Sheeran,130,39612334,16926945501,UC0C-w0YjGpqDXGB8IHb662A,Music
11th,A,POPS Kids,5861,7941425,7393486595,UC5ezaYrzZpyItPSRG27MLpg,Music
12th,A,SonyMusicIndiaVEVO,2998,22467551,9859502721,UC3MLnJtqc_phABBriLRhtgQ,Music
13th,A,Speed Records,7037,23885645,11832649604,UCOsyDsO5tIt-VZ1iwjdQmew,Music
14th,A,ibighit,320,26561106,6069909971,UC3IZKseVpdzPSBaWxBxundA,Music
15th,A,WORLDSTARHIPHOP,5496,21319953,14902395981,UC-yXuc1__OzjwpsJPlxYUCQ,Music
16th,A,1theK (원더케이),15764,16931267,13542233597,UCweOkPb1wVVH0Q0Tlj4a5Pw,Music
17th,A,La Granja de Zenón,190,13892823,7290502778,UCwpcLKMwiuPg4aqImpGk6Ew,Music
18th,A,Daddy Yankee,339,22726066,8072169027,UC9TO_oo4c_LrOiKNaY6aysA,Music
19th,A,BillieEilishVEVO,43,784926,1992916063,UCDGmojLIoWpXok597xYo8cg,Music
20th,A,Tips Official,2589,19577212,7933223006,UCJrDMFOdv1I2k8n9oK_V21w,Music
21st,A,MalumaVEVO,108,14839670,11569720887,UCFkoPRmuxqr37jvGmmpzhzQ,Music
22nd,A,Paulo Londra,35,12464715,2626613011,UCzI7wZyqk7jpXWT_MILjepw,Music
23rd,A,قناة طيور الجنة |…,2383,12675015,10882533175,UCozAuGJZ5MPoijz8IE_1Gtw,Music
24th,A,T-Series Bhakti Sagar,20575,19309190,7626222822,UCaayLD9i5x4MmIoVZxXSv_g,Music
25th,A,KarolGVEVO,48,3598877,3674752182,UCz9yS18zJGQObwUL_K-ICnw,Music
26th,A,YRF,3685,20345162,10499290874,UCbTLwN10NoCU4WDzLf1JMOA,Music
27th,A,NickyJamTV,223,18755765,11781239371,UCpb_iJuhFe8V6rQdbNqfAlQ,Music
28th,A,T-Series Apna Punjab,4075,17253697,8411074026,UCcvNYxWXR_5TjVK7cSCdW-g,Music
29th,A,Bollywood Classics,1753,10393890,4927568488,UCRm96I5kmb_iGFofE5N691w,Music
30th,A,Bounce Patrol Kids,156,8419099,4820966996,UC56cowXhoqRWHeqfSJkIQaA,Music
1st,A++,kids toys play - Learn Colors For…,9,--,357229,UCXloBKJP_rwY7FduBhaEWTQ,Gaming
2nd,A+,ESL Archives,8700,159783,235467771,UCXQexglLCaJyTImYLmSO9Ng,Gaming
3rd,A,FGTeeV,1244,11291639,11084918155,UCC-RHF_77zQdKcA75hr5oTQ,Gaming
4th,A,MrBeast,728,20255599,2747013072,UCX6OQ3DkcsbYNE6H8uQQuVA,Gaming
5th,A,iGAMING TV,40,4566167,989806132,UCyily0XbC0FotCQARGxRxLQ,Gaming
6th,A,Jelly,3457,12723379,5201478179,UC0DZmkupLYwc0yDsfocLh0A,Gaming
7th,A,AzzyLand,1117,9273538,2836388719,UCzeB_0FNcPIyUSjL_TL5lEw,Gaming
8th,A,LazarBeam,1077,10619826,2951316130,UCw1SQ6QRRtfAhrN_cjkrOgA,Gaming
9th,A,Mikecrack,1261,10564901,3431967520,UCqJ5zFEED1hWs0KNQCQuYdQ,Gaming
10th,A,TheDonato,831,8771384,959570917,UCaHEdZtk6k7SVP-umnzifmQ,Gaming
11th,A,ItsFunneh,1208,4427474,3330364293,UCUk7VggtJdo9XYTy3Z5QVAw,Gaming
12th,A,DanTDM,3145,21627561,14906270596,UCS5Oz6CHmeoF7vSad0qqXfw,Gaming
14th,A,Senya ToysReview,143,4644717,1373040017,UCtVmCA5qjxCiktUd3dZu5hg,Gaming
15th,A,jacksepticeye,4149,22127993,11091032879,UCYzPXprvl5Y-Sf0g4vX-m6g,Gaming
17th,A,WhenGamersFail ► Lyon,2973,2381180,1851725782,UC1OGV4dczjRz8wNLRaezJ5Q,Gaming
18th,A,Поззи,2078,5757645,2851749388,UCuZeiI5pdpgqDojXZujoYgg,Gaming
19th,A,JuegaGerman,1611,35161433,9320450855,UCYiGq8XF7YQD00x7wAd62Zg,Gaming
21st,A,Poke,2348,3111086,579364634,UC8qNcrcCOpYIsWWwkX9mDGQ,Gaming
22nd,A,RedFox,652,1161040,123537001,UCD6jBcNMaUyFElnitPNxe8Q,Gaming
23rd,A,Enes Batur,1768,10426595,4791619911,UCG0HA4uyuuzPzeq_US_ywVg,Gaming
24th,A,_trihandoko,184,139336,51199574,UC9p_3-szE9w2CbsFVwEj_LQ,Gaming
26th,A,zbing z.,1604,9187215,3550412720,UC5zGJZpxeZPFcds5gFcDE7Q,Gaming
27th,A,Аид [VyacheslavOO],1624,6381890,2241704213,UCPX53dr-NSKoXspKmXanbCw,Gaming
28th,A,Julia MineGirl,1472,4372410,2605756516,UCEOGSdXwcXcNfcuDGbjmgOw,Gaming
1st,A+,one31,64394,16883632,12018014157,UC8f7MkX4MFOOJ2SerXLInCA,News
2nd,A,ABP NEWS,126983,14246008,3669130121,UCRWFSbif-RFENbBrSiez1DA,News
3rd,A,Inside Edition,17163,6200621,7478585817,UC9k-yiEpRHMNVOnOi_aQK8w,News
4th,A,IndiaTV,133613,13862755,4686750351,UCttspZesZIDEwwpVIgoZtWQ,News
5th,A,Aaj Tak,89170,18415187,4594389637,UCt4t-jeY85JegMlZ-E5UWtA,News
6th,A,AMARIN TVHD,81620,5460341,4237323197,UCzMoibQRslh_1bTuW0YXc6A,News
7th,A,Super Baby Club,34,--,270859352,UC1nskAWfliQEZFh-5IZYl1g,News
8th,A,KOMPASTV,84497,1887926,1034347632,UC5BMIWZe9isJXLZZWPWvBlg,News
9th,A,Raffy Tulfo in Action,2832,4517279,2150492333,UCxhygwqQ1ZMoBGQM2yEcNug,News
10th,A,GMA News,300221,3843484,3726384293,UCqYw-CTd1dU2yGI71sEyqNw,News
11th,A,DD News,88425,1725574,235180143,UCKwucPzHZ7zCUIf7If-Wo1g,News
12th,A,Fox News,58268,3076546,1924277111,UCXIJgqnII2ZOINSWNOGFThA,News
13th,A,Zee News,99583,8153728,2058386827,UCIvaYmXn910QMdemBG3v1pQ,News
14th,A,TV9 Telugu Live,53395,3652247,1340818076,UCPXTXMecYqnRKNdqdVOGSFg,News
15th,A,The Lallantop,8068,7701036,1526291186,UCx8Z14PpntdaxCt2hakbQLQ,News
16th,A,CNN Indonesia,38016,2965953,1314436630,UCKII0Ml9S5wneKbHswmUrIQ,News
18th,A,ABS-CBN News,101697,6328130,4344933217,UCE2606prvXQc_noEqKxVJXA,News
19th,A,V6 News Telugu,114832,3662128,2745721393,UCDCMjD1XIAsCZsYHNMGVcog,News
20th,A,AlHayah TV Network,138759,5701967,2846067924,UCWuj6cpZL_T1U508Y082u3g,News
21st,A,News18 Bangla,23515,1637773,407472280,UCbf0XHULBkTfv2hBjaaDw9Q,News
22nd,A,News Tak,14103,5518186,1273855729,UCAUNFgpgVisKPL3yq_-Nj-Q,News
23rd,A,NDTV,76295,4763413,1666881211,UCZFMm1mMw0F81Z37aaEzTUA,News
24th,A,NMF News,52524,7886988,2808642003,UCvxi7_X1VSaMr_osIamYNaw,News
25th,A,metrotvnews,23233,1210138,535022581,UCzl0OrB3-ehunyotIQvK77A,News
27th,A,ABC News,47205,6110569,5361612419,UCBi2mrWuNuyYy4gbM6fU18Q,News
28th,A,Thairath,117391,6091714,3600261961,UCrFDdD-EE05N7gjwZho2wqw,News
29th,A,CNN,145525,6910260,4747735719,UCupvZG-5ko_eiXAupbDfxWw,News
30th,A,NTV Telugu,144243,2607465,1632721633,UCumtYpCY26F6Jr3satUgMvA,News
1st,A,НТВ,38771,5659290,5374943298,UCsA_vkmuyIRlYYXeJueyIJQ,Non-Profit
2nd,A,P&G Shiksha,35,75217,149830893,UCweiqr0D3bN6ChJxPVgxkrg,Non-Profit
3rd,A,TEDx Talks,135890,19145301,3408099519,UCsT0YIqwnpJCM-mx7-gSA4Q,Non-Profit
4th,A-,Первый канал,10711,3254596,1781866521,UCX9-cJy8dZWDI8hCnmahuL,Non-Profit
5th,B+,Jubilee,410,3037152,450474821,UCqbQ00CtLG_zVHPyZUCdYaQ,Non-Profit
6th,B+,St. Jude Children's Research…,338,50716,61292884,UC2NI99YBLdVDNVK-iQmkUbA,Non-Profit
7th,B+,Gobierno de San Luis,631,100848,92882200,UC-z63fQX2qf0PWtBhtr35yw,Non-Profit
8th,B+,Телеканал ICTV,17857,827639,581251824,UCa85JIfBxZgcrsd8Ar7Z9nw,Non-Profit
9th,B+,QURANv,3,123685,10220698,UCAI-aYmAMxeGwmCWjwpVPvg,Non-Profit
10th,B+,Алексей Навальный,340,2754560,524471678,UCsAw3WynQJMm7tMy093y37A,Non-Profit
11th,B+,Swami Ramdev,3459,2416629,310080448,UCX7SHIccUCj3S4cID-pM-Xg,Non-Profit
12th,B+,The Jerry Springer Show,1356,195405,92988140,UCxh0Y88hiiJO8WdRWA684VA,Non-Profit
13th,B+,SocialMarketingTH,1873,81158,137860131,UC7BlGHIB7kG4K2n2sMMvd4g,Non-Profit
14th,B+,Sberbank,781,--,253503810,UCM4aBRnEiNCf9fQFl2qx2Bg,Non-Profit
15th,B+,مفاتيح نداء…,138,504284,33026478,UCi0NpHUJNBcby1ZHZyBe65Q,Non-Profit
16th,B+,جامع البواردي,1410,95465,14067457,UCV6r6Iwk3nRXE74DB8V0BCQ,Non-Profit
17th,B+,Телеканал Интер…,7721,687851,495667848,UCu4JDSNiATbH7Rkv0YWvMPg,Non-Profit
18th,B+,법륜스님의 즉문즉설,1511,545239,373287659,UCSsWdUwr4UonSCAVH-k0_Lg,Non-Profit
19th,B+,Malabar Gold and Diamonds,357,19362,63283995,UCa0WnoiluzJ9r7xYSCTmy3g,Non-Profit
20th,B+,TV Center,8828,786800,575582401,UCw5pE2GElcHeErKVyF76jjg,Non-Profit
21st,B+,Экстренный вызов 112,3169,221177,211067723,UC3OZyVp2Nat2TcR53eLqBpQ,Non-Profit
22nd,B+,EDWIN,225,539646,211114218,UCoVJEtEK7y-L7nNc7DP5V_A,Non-Profit
23rd,B+,varlamov,779,942309,159352428,UC101o-vQ2iOj9vr00JUlyKw,Non-Profit
24th,B+,대한사랑,654,21485,12802275,UC11sKzfembsp-_KqzCZ-lWg,Non-Profit
25th,B+,haramaininfo,20434,855803,140171663,UC_ANPr8IkWibKlKhmi_-H1g,Non-Profit
26th,B+,Пусть говорят,1561,1530619,682730639,UCD9jSZLsftoOACtkrDNZlsg,Non-Profit
27th,B+,ЛЕВ ПРОТИВ,190,1767880,257911756,UCUBoIo2p7GSRMt1YcSswDEw,Non-Profit
28th,B,Nitin Das,74,770183,232500188,UCDqhgLATvgM0W5420nD13ew,Non-Profit
29th,B,N P S,135,43984,29060845,UCjMFOglaqPMh_bCviZlE7iA,Non-Profit
30th,B,MBL - Movimento Brasil Livre,1877,1284104,202931263,UC8QAdpiEWAOg3AOCCFDCOYw,Non-Profit
1st,A+,لا تحرمنا من رؤياك…,346,"2,368,462","431,967,940",UCzOpdn5E5S8hkY8DMRqKdlA,Tech
2nd,A+,SamsungIndia,241,"3,500,688","2,163,699,537",UC3O8-tKnz9VUn3sxZKyKN3w,Tech
3rd,A,Funny Bunny,46,"4,842,649","1,206,360,598",UCOUABwInspZU96hp092kt7Q,Tech
4th,A,OnePlus India,152,"2,268,717","611,884,277",UCZDZuCogQfb1N95KuUOacjw,Tech
5th,A,Google Brasil,355,"635,786","310,435,356",UCf2qcg2_6N5ltXnqu1-4Fmg,Tech
6th,A,Google Indonesia,507,"526,604","896,290,276",UCMb3rZTtSLWFCkDJHglbxVA,Tech
7th,A,OPPO India,245,"3,663,653","1,181,749,876",UCMoJmRNcc-n8WdesyjQ6i_g,Tech
8th,A,Quantum Tech HD,243,"3,037,536","740,410,660",UC4Tklxku1yPcRIH0VVCKoeA,Tech
9th,A-,Huawei India,217,"874,900","256,674,927",UCFVmGe--ynG_Fhdg3z2KRMQ,Tech
10th,A-,OnePlus,300,"846,481","383,577,412",UC7zygr3uEiMSkxv-6nbFUGQ,Tech
11th,A-,Mark Rober,73,"7,259,907","759,132,217",UCY1kMZp36IQSyNx_9h4mpCg,Tech
12th,A-,TO JUŻ JUTRO,157,"459,299","39,726,991",UCv9wKjBogC5AVG54s_Imn0A,Tech
13th,A-,Telecom Egypt,123,"243,666","214,128,147",UCLl_SOH0KD8-Hv1H1yetEyw,Tech
14th,A-,Unbox Therapy,"1,621","14,650,054","2,946,921,315",UCsTcErHg8oDvUnTzoqsYeNw,Tech
15th,A-,Google,"2,255","7,595,536","2,366,444,328",UCK8sQmJBp8GCxrOtXWBpyEA,Tech
16th,A-,Google India,314,"2,780,274","2,147,305,403",UCoVwq0vh-XD8RrEyDZ0KeJw,Tech
17th,A-,Linus Tech Tips,"4,609","8,694,153","2,686,458,813",UCXuqSBlHAE6Xw-yeJA0Tunw,Tech
18th,A-,iTranslate,17,"14,256","46,496,488",UCpiPGICedQNiMV3Pux-CREg,Tech
19th,A-,Technical Guruji,"2,346","12,980,617","1,239,268,021",UCOhHO2ICt0ti9KAh-QHvttQ,Tech
20th,A-,МегаФон,567,"119,379","278,220,257",UClKZW7HmNfW6AD2AI2_X-7Q,Tech
21st,B+,Samsung Vietnam,686,"1,752,394","1,359,311,662",UCSGD1TbYm5ZEZtGKQlkZ69A,Tech
22nd,B+,Marques Brownlee,"1,123","8,821,383","1,351,077,215",UCBJycsmduvYEL83R_U4JriQ,Tech
23rd,B+,Apple México,171,"1,120,923","147,979,356",UC1X0BSe3KboTiP5TtXi6Mpg,Tech
24th,B+,KHÁM PHÁ THẾ GIỚI,580,"1,314,015","629,057,828",UCGE6fdGyo_s83QyIn6oqHLA,Tech
25th,B+,Huawei Mobile Mx,88,"397,201","53,738,342",UCSL-xAqcKUcwO2ON7_GX1Hw,Tech
26th,B+,monday.com,110,"13,479","256,264,242",UCA9UvBiKHly15rN8u_Km3BQ,Tech
27th,B+,Tornado Trackers,109,"161,567","25,265,017",UCz2BWcrW-njx_py1FR0447A,Tech
28th,B+,Apple Brasil,165,"1,276,527","140,290,551",UCcj-jHbPUgQqpfTJRGpByRA,Tech
29th,B+,Samsung Russia,259,"209,971","124,634,268",UCAKTynXMzOva5oThB6eEczw,Tech
30th,B+,Wylsacom,"1,961","7,400,555","1,560,561,107",UCt7sv-NKh44rHAEb-qCCxvA,Tech
1st,A++,Like Nastya Vlog,264,"27,085,001","11,397,651,642",UCJplp5SjeGSdVdwsfb9Q7lQ,People
2nd,A+,Agsunta,167,"652,801","224,558,790",UCtoW5GTufQusQh44gV1Cr6w,People
3rd,A+,LUCCAS NETO - LUNES,633,"24,818,690","6,286,146,967",UC_gV70G_Y51LTa3qhu8KiEA,People
4th,A+,BLACKPINK,238,"26,753,038","6,390,146,729",UCOmHUn--16B90oW2L6FRR3A,People
5th,A+,OnisionSpeaks,"2,829","1,666,647","547,701,501",UCZhkUguiTBJVZrrdMSjLbsQ,People
6th,A,Las Ratitas,140,"14,652,221","4,384,685,997",UCUY6t_N9MyEWu6I0ZXkbtKA,People
7th,A,Boram Tube ToysReview [보람튜브…,213,"12,688,883","3,748,870,378",UC3pnQ7MHDABUFungNcMQ7dA,People
8th,A,mmoshaya,833,"11,593,338","6,403,603,320",UCPOw2O3_uZ1doro9iR4x6vw,People
9th,A,Maria Clara & JP,419,"9,905,745","3,081,637,549",UCKe6w0exI94U-RzqAyoY1VA,People
10th,A,Kanishka Talent Hub,83,"1,048,954","241,251,821",UCCcKNYWJGJ42OSXOR4cHyxg,People
11th,A,FAMILY BOX,577,"4,032,194","2,671,523,194",UCCcKNYWJGJ42OSXOR4cHyxg,People
12th,A,ETV Jabardasth,"3,948","4,719,652","4,937,739,832",UCnoqvTW4YZExfDeq7_Wmd-w,People
13th,A,القاهرة والناس,"77,304","2,239,485","787,032,864",UCzWdc0aUo0IDk5ysLrt04hw,People
14th,A,David Dobrik,577,"12,596,844","4,810,374,722",UCmh5gdwCx6lN7gEC20leNVA,People
15th,A,KiKiDo,360,"4,972,038","2,771,175,498",UCWGK2_WVaXWv-QrkgT9-KDw,People
16th,A,Super Polina,313,"9,025,044","2,497,720,525",UCE76CBkDX591pxzps6bySOw,People
17th,A,Naš Svijet Tv,"1,040","180,789","79,493,109",UCdtqAuO5rMm7Asr-wroJYWQ,People
18th,A,キッズライン♡Kids Line,"3,407",--,"7,278,223,075",UCQs-tWGqacJ7vuuJDtXq28w,People
19th,A,YP10 Drama Full,"7,529","884,311","901,161,903",UCAorW3nBxPAIo6p5AiOGM-A,People
20th,A,Kids Learning Songs,134,--,"1,443,450,388",UCcOj1rEHLhu3QDHP_gGgVkg,People
21st,A,Alena Kids,371,"1,194,093","480,340,894",UCVEHkggnrNer4yHrLiPNl6w,People
22nd,A,Whizkey MC,13,"224,003","70,014,871",UCz6RPEz-JIv4ykorNCTs3ww,People
23rd,A,Деньги Решают Все,46,"1,201,264","128,776,109",UCGqLGlMH-63TzNElt614mig,People
24th,A,Hello TV- Nursery Rhymes,83,"3,498,571","1,855,962,027",UCca90sQqNC4AXmyox0FNTWQ,People
25th,A,Thơ Nguyễn,803,"6,299,394","3,630,975,122",UCSJsjCiTl2lourZXnigVCoA,People
26th,A,Shoof Drama | شوف دراما,"6,425","3,542,515","1,691,878,640",UCgd_tWU4X7s10DKdgt-XDNQ,People
27th,A,Miss Katy,638,"13,729,651","6,952,736,018",UCcartHVtvAUzfajflyeT_Gg,People
28th,A,Evgeniy Chernikov,64,"227,763","66,061,518",UCq1IJfYBQlBMwY1YYRH02-Q,People
29th,A,BuzzFeedVideo,"6,109","18,961,927","15,303,676,000",UCpko_-a4wgz2u_DgDgd9fqA,People
30th,A,Gemma ND,13,"181,561","70,819,149",UC2j9n-qOfRGdlxS0EcAZVdw,People